{"stats":{"minecraft:mined":{"mekanism:osmium_ore":2,"iceandfire:silver_ore":2,"minecraft:red_bed":2,"minecraft:smoker":3,"minecraft:dandelion":1,"minecraft:crafting_table":5,"minecraft:torch":1,"gravestone:gravestone":3,"minecraft:grass_block":2,"minecraft:chest":2,"minecraft:redstone_wire":6,"minecraft:tall_grass":4,"minecraft:cobblestone":3,"minecraft:furnace":1,"minecraft:azure_bluet":1,"minecraft:grass":13,"minecraft:oak_log":57,"minecraft:coal_ore":32,"minecraft:vine":2,"minecraft:dirt":1,"minecraft:stone":25,"minecraft:oak_leaves":5},"minecraft:used":{"minecraft:stone_sword":11,"minecraft:stone_pickaxe":62,"minecraft:wooden_pickaxe":8,"minecraft:cooked_chicken":4,"minecraft:rotten_flesh":2,"minecraft:torch":1,"anthropology_items__structures:hunters_machete":142,"minecraft:dirt":5,"minecraft:crafting_table":5,"minecraft:red_bed":1,"minecraft:smoker":2,"minecraft:wooden_axe":66,"minecraft:apple":2,"minecraft:bread":3,"minecraft:map":3,"justhammers:stone_hammer":44,"minecraft:cobblestone":59,"minecraft:furnace":1,"tombstone:gift":1,"minecraft:egg":1,"minecraft:cooked_beef":9},"minecraft:broken":{"minecraft:wooden_axe":1},"minecraft:dropped":{"minecraft:moss_carpet":1,"minecraft:compass":1,"minecraft:wheat_seeds":1,"anthropology_items__structures:hunters_machete":1,"minecraft:cobblestone":162,"minecraft:granite":3,"minecraft:azure_bluet":1,"minecraft:salmon":2,"minecraft:leather_helmet":1,"minecraft:filled_map":3,"minecraft:gunpowder":1,"minecraft:diorite":12,"tombstone:grave_key":4,"minecraft:azalea":3,"minecraft:wooden_pickaxe":1},"minecraft:killed":{"minecraft:pig":5,"minecraft:spider":3,"grimoireofgaia:minotaurus":2,"grimoireofgaia:mimic":1,"minecraft:zombie":5,"minecraft:chicken":3,"minecraft:drowned":2,"iceandfire:pixie":1,"minecraft:cow":12},"minecraft:custom":{"minecraft:interact_with_furnace":9,"minecraft:mob_kills":35,"minecraft:open_barrel":6,"minecraft:interact_with_crafting_table":11,"minecraft:interact_with_campfire":19,"minecraft:leave_game":1,"minecraft:time_since_death":3169,"minecraft:sleep_in_bed":2,"minecraft:climb_one_cm":4282,"minecraft:time_since_rest":2911,"minecraft:sprint_one_cm":288658,"minecraft:damage_taken":2445,"minecraft:walk_one_cm":152455,"minecraft:drop":25,"minecraft:damage_dealt":6884,"minecraft:swim_one_cm":30068,"minecraft:fly_one_cm":490330,"minecraft:open_chest":14,"minecraft:crouch_one_cm":12706,"minecraft:play_time":71653,"tombstone:undead_killed":7,"minecraft:deaths":7,"minecraft:sneak_time":4883,"minecraft:walk_under_water_one_cm":1435,"minecraft:jump":1972,"minecraft:walk_on_water_one_cm":4846,"minecraft:total_world_time":71653,"minecraft:interact_with_smoker":7,"minecraft:fall_one_cm":62372},"minecraft:picked_up":{"minecraft:crafting_table":5,"minecraft:leather_chestplate":1,"minecraft:azure_bluet":1,"minecraft:cooked_beef":19,"minecraft:chicken":4,"minecraft:leather":18,"minecraft:smoker":2,"minecraft:oak_log":53,"tombstone:grave_key":2,"minecraft:gunpowder":1,"minecraft:string":1,"minecraft:dirt":5,"minecraft:red_bed":2,"minecraft:moss_carpet":1,"minecraft:raw_copper":21,"minecraft:apple":2,"minecraft:wheat_seeds":2,"minecraft:gold_nugget":1,"minecraft:beef":25,"minecraft:azalea":3,"minecraft:iron_nugget":1,"minecraft:chest":2,"minecraft:egg":1,"minecraft:furnace":1,"iceandfire:pixie_dust":1,"minecraft:stick":9,"minecraft:raw_iron":8,"minecraft:torch":1,"minecraft:porkchop":10,"minecraft:diorite":12,"minecraft:redstone":6,"mekanism:raw_tin":2,"mekanism:raw_osmium":2,"minecraft:rotten_flesh":8,"minecraft:granite":3,"minecraft:oak_sapling":15,"minecraft:coal":161,"iceandfire:raw_silver":2,"minecraft:cobblestone":347},"minecraft:crafted":{"minecraft:oak_planks":164,"minecraft:crafting_table":2,"minecraft:wooden_pickaxe":1,"minecraft:cooked_chicken":4,"minecraft:furnace":1,"minecraft:stone":3,"minecraft:air":0,"justhammers:stone_hammer":1,"minecraft:stick":4,"minecraft:iron_ingot":4,"minecraft:stone_pickaxe":1,"minecraft:wooden_axe":1,"minecraft:stone_sword":1}},"DataVersion":3465}