{"stats":{"minecraft:dropped":{"minecraft:bread":1,"minecraft:spyglass":1,"quark:blossom_planks":4,"minecraft:wheat":2,"minecraft:cookie":2,"minecraft:rotten_flesh":2,"minecraft:tropical_fish":9,"minecraft:spruce_stairs":1,"minecraft:cod":3,"minecraft:poppy":1,"tombstone:bag_of_seeds":1,"farmersdelight:flint_knife":1,"tombstone:grave_key":1,"farmersdelight:bacon":3,"minecraft:bow":2,"minecraft:beef":7,"minecraft:string":4},"minecraft:killed":{"minecraft:spider":4,"minecraft:iron_golem":2,"minecraft:sheep":2,"minecraft:zombie":6,"grimoireofgaia:harpy":1,"minecraft:cow":6},"minecraft:picked_up":{"minecraft:crafting_table":1,"minecraft:leather":5,"minecraft:smoker":1,"minecraft:brown_bed":1,"minecraft:oak_log":12,"minecraft:paper":21,"minecraft:dirt":10,"minecraft:string":8,"botania:black_mystical_flower":1,"minecraft:bow":2,"minecraft:wheat_seeds":1,"minecraft:iron_ingot":8,"minecraft:beef":7,"tombstone:bag_of_seeds":1,"minecraft:poppy":1,"quark:yellow_blossom_sapling":7,"minecraft:chest":1,"minecraft:furnace":2,"minecraft:book":18,"domesticationinnovation:pet_bed_red":1,"minecraft:torch":3,"minecraft:spyglass":1,"minecraft:spruce_stairs":1,"quark:blossom_log":111,"minecraft:stripped_spruce_log":1,"quark:blossom_planks":4,"minecraft:rotten_flesh":6,"minecraft:hay_block":3,"minecraft:mutton":1,"minecraft:cod":3,"minecraft:white_wool":1,"minecraft:cobblestone":59},"minecraft:broken":{"minecraft:stone_pickaxe":1,"minecraft:stone_axe":1,"minecraft:wooden_pickaxe":1},"minecraft:custom":{"minecraft:mob_kills":23,"minecraft:interact_with_crafting_table":14,"minecraft:open_barrel":5,"minecraft:leave_game":1,"minecraft:time_since_death":43109,"minecraft:climb_one_cm":3446,"minecraft:waystone_activated":1,"minecraft:time_since_rest":43010,"minecraft:sprint_one_cm":251044,"minecraft:damage_taken":523,"minecraft:walk_one_cm":128019,"minecraft:drop":28,"minecraft:damage_dealt":4296,"minecraft:swim_one_cm":15890,"minecraft:fly_one_cm":563007,"minecraft:open_chest":62,"minecraft:crouch_one_cm":3280,"minecraft:play_time":50376,"tombstone:undead_killed":6,"minecraft:deaths":1,"minecraft:sneak_time":2652,"minecraft:walk_under_water_one_cm":676,"minecraft:jump":1617,"minecraft:walk_on_water_one_cm":8901,"minecraft:total_world_time":50376,"minecraft:fall_one_cm":35896},"minecraft:mined":{"minecraft:glass_pane":2,"minecraft:smoker":1,"minecraft:oak_fence":1,"minecraft:crafting_table":1,"minecraft:torch":3,"minecraft:chest":2,"quark:blossom_log":71,"minecraft:tall_grass":1,"botania:black_mystical_flower":1,"minecraft:hay_block":3,"minecraft:spruce_stairs":1,"minecraft:white_terracotta":1,"minecraft:furnace":3,"minecraft:stripped_spruce_log":3,"minecraft:brown_bed":1,"minecraft:grass":22,"minecraft:bookshelf":6,"minecraft:oak_log":12,"minecraft:iron_bars":2,"minecraft:dirt":3,"domesticationinnovation:pet_bed_red":2,"minecraft:stone":59,"minecraft:oak_leaves":1},"minecraft:crafted":{"minecraft:wooden_sword":1,"minecraft:oak_planks":24,"sophisticatedbackpacks:backpack":1,"quark:blossom_planks":20,"minecraft:crafting_table":2,"minecraft:wooden_pickaxe":1,"quark:blossom_chest":1,"minecraft:stone_axe":1,"minecraft:bread":10,"minecraft:iron_chestplate":1,"minecraft:stick":16,"minecraft:stone_pickaxe":1,"minecraft:wheat":27},"minecraft:used":{"quark:blossom_log":16,"minecraft:stone_pickaxe":70,"minecraft:oak_planks":8,"minecraft:wooden_pickaxe":59,"minecraft:rotten_flesh":4,"minecraft:torch":3,"anthropology_items__structures:hunters_machete":49,"minecraft:dirt":1,"minecraft:crafting_table":2,"minecraft:carrot":7,"minecraft:apple":5,"minecraft:bread":13,"minecraft:stone_axe":118,"minecraft:wooden_sword":43,"tombstone:gift":2,"minecraft:potato":1}},"DataVersion":3465}