{"stats":{"minecraft:custom":{"minecraft:jump":36,"minecraft:time_since_rest":8047,"minecraft:damage_taken":300,"minecraft:leave_game":3,"minecraft:time_since_death":10446,"minecraft:play_time":13666,"minecraft:sprint_one_cm":17128,"minecraft:walk_one_cm":440,"minecraft:walk_on_water_one_cm":446,"minecraft:deaths":1,"minecraft:sneak_time":25,"minecraft:total_world_time":13666,"minecraft:walk_under_water_one_cm":1830,"minecraft:swim_one_cm":105,"minecraft:fall_one_cm":1105,"minecraft:fly_one_cm":421134},"minecraft:used":{"alexsmobs:animal_dictionary":1}},"DataVersion":3465}