{"stats":{"minecraft:custom":{"minecraft:jump":36,"minecraft:time_since_rest":2653,"minecraft:deaths":1,"minecraft:damage_taken":300,"minecraft:leave_game":3,"minecraft:play_time":8272,"minecraft:sprint_one_cm":17128,"minecraft:time_since_death":5052,"minecraft:walk_on_water_one_cm":446,"minecraft:walk_one_cm":440,"minecraft:total_world_time":8272,"minecraft:walk_under_water_one_cm":1830,"minecraft:swim_one_cm":105,"minecraft:fall_one_cm":1105,"minecraft:fly_one_cm":110419},"minecraft:used":{"alexsmobs:animal_dictionary":1}},"DataVersion":3465}