{"stats":{"minecraft:killed":{"minecraft:pig":4,"grimoireofgaia:bone_knight":1,"grimoireofgaia:minotaurus":1,"grimoireofgaia:mimic":1,"minecraft:zombie":4,"minecraft:chicken":2,"minecraft:cow":3},"minecraft:custom":{"minecraft:interact_with_furnace":15,"minecraft:mob_kills":16,"minecraft:interact_with_crafting_table":11,"minecraft:open_barrel":7,"minecraft:leave_game":3,"minecraft:time_since_death":37699,"minecraft:time_since_rest":37391,"minecraft:sprint_one_cm":52457,"minecraft:damage_taken":1360,"minecraft:walk_one_cm":100098,"minecraft:drop":1,"minecraft:damage_dealt":3673,"minecraft:swim_one_cm":1301,"minecraft:fly_one_cm":76953,"minecraft:open_chest":2,"minecraft:crouch_one_cm":27926,"minecraft:play_time":60980,"tombstone:undead_killed":5,"minecraft:deaths":1,"minecraft:sneak_time":11746,"minecraft:walk_under_water_one_cm":2456,"minecraft:jump":597,"minecraft:walk_on_water_one_cm":7016,"minecraft:total_world_time":60980,"minecraft:fall_one_cm":9104},"minecraft:dropped":{"minecraft:wooden_pickaxe":1},"minecraft:picked_up":{"minecraft:crafting_table":1,"minecraft:feather":2,"minecraft:chicken":2,"minecraft:leather":4,"minecraft:wooden_pickaxe":1,"minecraft:oak_log":9,"minecraft:golden_sword":1,"minecraft:dirt":33,"minecraft:wheat_seeds":2,"minecraft:gold_nugget":2,"minecraft:beef":8,"minecraft:iron_nugget":1,"minecraft:sugar_cane":8,"minecraft:egg":2,"minecraft:furnace":1,"minecraft:raw_iron":2,"minecraft:sandstone":1,"minecraft:pumpkin":3,"minecraft:torch":1,"minecraft:porkchop":10,"minecraft:redstone":2,"mekanism:raw_tin":6,"minecraft:rotten_flesh":4,"minecraft:sandstone_stairs":1,"minecraft:oak_sapling":2,"minecraft:iron_bars":2,"minecraft:coal":16,"iceandfire:raw_silver":1,"minecraft:cobblestone":22},"minecraft:crafted":{"minecraft:cooked_beef":5,"minecraft:oak_planks":36,"minecraft:cooked_porkchop":10,"iceandfire:silver_ingot":1,"minecraft:crafting_table":2,"minecraft:wooden_pickaxe":1,"minecraft:cooked_chicken":1,"minecraft:iron_sword":1,"minecraft:furnace":1,"minecraft:stone_axe":1,"minecraft:air":0,"minecraft:stick":16,"minecraft:iron_ingot":2,"minecraft:stone_pickaxe":2,"minecraft:stone_sword":1,"minecraft:torch":12},"minecraft:broken":{"minecraft:stone_sword":1},"minecraft:used":{"minecraft:stone_sword":140,"minecraft:stone_pickaxe":52,"minecraft:wooden_pickaxe":3,"minecraft:iron_sword":77,"minecraft:torch":9,"minecraft:dirt":29,"minecraft:crafting_table":3,"minecraft:chicken":1,"minecraft:stone_axe":36,"minecraft:furnace":2,"minecraft:cooked_porkchop":3,"tombstone:gift":1,"minecraft:cooked_beef":2},"minecraft:mined":{"iceandfire:silver_ore":1,"minecraft:crafting_table":1,"minecraft:torch":1,"minecraft:grass_block":47,"mekanism:tin_ore":6,"minecraft:sugar_cane":6,"minecraft:sandstone":2,"minecraft:sandstone_stairs":1,"minecraft:furnace":1,"minecraft:iron_ore":2,"minecraft:pumpkin":3,"minecraft:grass":13,"minecraft:oak_log":9,"minecraft:coal_ore":17,"minecraft:iron_bars":2,"minecraft:dirt":82,"minecraft:stone":22}},"DataVersion":3465}