{"stats":{"minecraft:killed":{"minecraft:pig":10,"grimoireofgaia:oni":1,"minecraft:skeleton":5,"minecraft:sheep":1,"minecraft:zombie":2,"grimoireofgaia:harpy":2,"grimoireofgaia:werecat":3,"grimoireofgaia:flesh_lich":1,"minecraft:cow":9},"minecraft:custom":{"minecraft:interact_with_furnace":69,"minecraft:interact_with_anvil":2,"minecraft:mob_kills":36,"minecraft:interact_with_crafting_table":16,"minecraft:open_barrel":2,"minecraft:leave_game":2,"minecraft:time_since_death":54683,"minecraft:sleep_in_bed":2,"minecraft:climb_one_cm":1014,"minecraft:time_since_rest":4115,"minecraft:sprint_one_cm":166178,"minecraft:damage_taken":2293,"minecraft:walk_one_cm":170201,"minecraft:damage_blocked_by_shield":875,"minecraft:drop":21,"minecraft:damage_dealt":7492,"minecraft:damage_dealt_absorbed":80,"minecraft:swim_one_cm":10302,"minecraft:fly_one_cm":233773,"minecraft:open_chest":20,"minecraft:play_time":64991,"minecraft:crouch_one_cm":26740,"tombstone:undead_killed":8,"minecraft:deaths":2,"minecraft:sneak_time":7563,"minecraft:walk_under_water_one_cm":11218,"minecraft:jump":1237,"minecraft:interact_with_blast_furnace":1,"minecraft:walk_on_water_one_cm":2985,"minecraft:total_world_time":64991,"minecraft:fall_one_cm":33929},"minecraft:dropped":{"minecraft:wheat_seeds":2,"minecraft:iron_nugget":4,"minecraft:stone_sword":1,"minecraft:rotten_flesh":2,"minecraft:oak_planks":2,"minecraft:leather":10,"minecraft:granite":1,"minecraft:stick":3,"minecraft:dirt":1,"minecraft:diorite":10,"tombstone:grave_key":1,"minecraft:mossy_stone_bricks":2,"minecraft:oak_sapling":9,"minecraft:stone_bricks":1,"minecraft:gold_nugget":1,"minecraft:stone_pickaxe":1},"minecraft:picked_up":{"minecraft:crafting_table":9,"minecraft:feather":2,"minecraft:anvil":2,"minecraft:leather":20,"minecraft:music_disc_stal":1,"minecraft:oak_log":19,"minecraft:gunpowder":1,"minecraft:lapis_lazuli":9,"minecraft:dirt":15,"minecraft:bone":3,"minecraft:stone_bricks":1,"minecraft:wheat_seeds":2,"minecraft:gold_nugget":1,"minecraft:raw_gold":2,"minecraft:beef":17,"minecraft:mossy_stone_bricks":2,"minecraft:iron_nugget":4,"minecraft:oak_planks":1,"minecraft:furnace":12,"minecraft:egg":1,"minecraft:stick":3,"minecraft:raw_iron":35,"minecraft:torch":16,"minecraft:porkchop":18,"minecraft:blast_furnace":2,"minecraft:diorite":10,"minecraft:white_bed":1,"minecraft:arrow":3,"minecraft:rotten_flesh":4,"minecraft:granite":70,"minecraft:oak_sapling":9,"minecraft:mutton":2,"minecraft:coal":221,"minecraft:white_wool":1,"minecraft:cobblestone":451},"minecraft:crafted":{"minecraft:cooked_beef":17,"minecraft:wooden_sword":1,"minecraft:oak_planks":36,"minecraft:cooked_porkchop":11,"minecraft:crafting_table":1,"minecraft:wooden_pickaxe":1,"minecraft:iron_helmet":1,"minecraft:iron_sword":1,"minecraft:furnace":2,"minecraft:stone_axe":1,"minecraft:cooked_mutton":2,"minecraft:air":0,"justhammers:iron_hammer":1,"minecraft:iron_boots":1,"minecraft:iron_chestplate":1,"minecraft:shield":1,"minecraft:stick":28,"minecraft:iron_ingot":35,"minecraft:iron_pickaxe":1,"minecraft:stone_pickaxe":1,"minecraft:wooden_axe":1,"minecraft:stone_sword":1,"minecraft:iron_leggings":1,"minecraft:gold_ingot":2,"minecraft:white_bed":1,"minecraft:torch":28},"minecraft:used":{"minecraft:cooked_mutton":2,"minecraft:stone_sword":68,"minecraft:stone_pickaxe":106,"minecraft:wooden_pickaxe":37,"minecraft:shield":32,"minecraft:iron_sword":81,"minecraft:rotten_flesh":2,"minecraft:iron_chestplate":1,"minecraft:torch":39,"minecraft:dirt":14,"minecraft:anvil":1,"minecraft:crafting_table":9,"minecraft:white_bed":2,"minecraft:granite":5,"justhammers:iron_hammer":69,"minecraft:wooden_axe":7,"minecraft:iron_pickaxe":43,"minecraft:stone_axe":23,"minecraft:wooden_sword":23,"minecraft:cobblestone":75,"minecraft:furnace":12,"minecraft:cooked_porkchop":11,"tombstone:gift":1,"alexsmobs:animal_dictionary":1,"minecraft:egg":1,"minecraft:cooked_beef":7},"minecraft:mined":{"minecraft:white_bed":1,"minecraft:crafting_table":9,"minecraft:torch":1,"minecraft:granite":10,"minecraft:blast_furnace":2,"minecraft:grass_block":6,"minecraft:spruce_leaves":3,"minecraft:wall_torch":1,"minecraft:furnace":12,"minecraft:iron_ore":5,"minecraft:andesite":13,"minecraft:anvil":2,"minecraft:grass":12,"minecraft:oak_log":23,"minecraft:coal_ore":38,"minecraft:dirt":11,"minecraft:cracked_stone_bricks":1,"minecraft:stone_bricks":1,"minecraft:stone":106,"minecraft:mossy_stone_bricks":2}},"DataVersion":3465}