{
  "cyanwarriorswordsredux:recipes/upgrade_sword_dark": {
    "criteria": {
      "has_item": "2024-10-09 04:14:37 +0000"
    },
    "done": true
  },
  "cyanwarriorswordsredux:recipes/craft_earth_essence": {
    "criteria": {
      "has_item": "2024-10-09 04:14:37 +0000"
    },
    "done": true
  },
  "cyanwarriorswordsredux:recipes/upgrade_sword_light": {
    "criteria": {
      "has_item": "2024-10-09 04:14:37 +0000"
    },
    "done": true
  },
  "cyanwarriorswordsredux:recipes/craft_thunder_essence": {
    "criteria": {
      "has_item": "2024-10-09 04:14:37 +0000"
    },
    "done": true
  },
  "cyanwarriorswordsredux:recipes/craft_beast_essence": {
    "criteria": {
      "has_item": "2024-10-09 04:14:37 +0000"
    },
    "done": true
  },
  "cyanwarriorswordsredux:recipes/upgrade_sword_fire": {
    "criteria": {
      "has_item": "2024-10-09 04:14:37 +0000"
    },
    "done": true
  },
  "cyanwarriorswordsredux:recipes/from_abilitytotem": {
    "criteria": {
      "has_item": "2024-10-09 04:14:37 +0000"
    },
    "done": true
  },
  "cyanwarriorswordsredux:recipes/craft_wind_essence": {
    "criteria": {
      "has_item": "2024-10-09 04:14:37 +0000"
    },
    "done": true
  },
  "farmersdelight:main/root": {
    "criteria": {
      "seeds": "2024-10-09 04:14:37 +0000"
    },
    "done": true
  },
  "cyanwarriorswordsredux:recipes/craft_water_essence": {
    "criteria": {
      "has_item": "2024-10-09 04:14:37 +0000"
    },
    "done": true
  },
  "cyanwarriorswordsredux:recipes/upgrade_sword_water": {
    "criteria": {
      "has_item": "2024-10-09 04:14:37 +0000"
    },
    "done": true
  },
  "cyanwarriorswordsredux:recipes/craft_dark_essence": {
    "criteria": {
      "has_item": "2024-10-09 04:14:37 +0000"
    },
    "done": true
  },
  "cyanwarriorswordsredux:recipes/craft_mixed_essence": {
    "criteria": {
      "has_item": "2024-10-09 04:14:37 +0000"
    },
    "done": true
  },
  "cyanwarriorswordsredux:recipes/craft_triender_fire": {
    "criteria": {
      "has_item": "2024-10-09 04:14:37 +0000"
    },
    "done": true
  },
  "cyanwarriorswordsredux:recipes/craft_light_essence": {
    "criteria": {
      "has_item": "2024-10-09 04:14:37 +0000"
    },
    "done": true
  },
  "cyanwarriorswordsredux:recipes/craft_meteothu_thu": {
    "criteria": {
      "has_item": "2024-10-09 04:14:37 +0000"
    },
    "done": true
  },
  "mekanism:root": {
    "criteria": {
      "automatic": "2024-10-09 04:14:37 +0000"
    },
    "done": true
  },
  "mca:recipes/building_blocks/headstones": {
    "criteria": {
      "has_the_slanted_recipe": "2024-10-09 04:14:37 +0000"
    },
    "done": true
  },
  "cyanwarriorswordsredux:recipes/smelt_furnace": {
    "criteria": {
      "has_item": "2024-10-09 04:14:37 +0000"
    },
    "done": true
  },
  "cyanwarriorswordsredux:recipes/upgrade_sword_earth": {
    "criteria": {
      "has_item": "2024-10-09 04:14:37 +0000"
    },
    "done": true
  },
  "cyanwarriorswordsredux:recipes/craft_meteothu_meteo": {
    "criteria": {
      "has_item": "2024-10-09 04:14:37 +0000"
    },
    "done": true
  },
  "cyanwarriorswordsredux:recipes/craft_ender_essence": {
    "criteria": {
      "has_item": "2024-10-09 04:14:37 +0000"
    },
    "done": true
  },
  "cyanwarriorswordsredux:recipes/craft_triender_thunder": {
    "criteria": {
      "has_item": "2024-10-09 04:14:37 +0000"
    },
    "done": true
  },
  "cyanwarriorswordsredux:recipes/craft_triender_wind": {
    "criteria": {
      "has_item": "2024-10-09 04:14:37 +0000"
    },
    "done": true
  },
  "cyanwarriorswordsredux:recipes/upgrade_sword_beast": {
    "criteria": {
      "has_item": "2024-10-09 04:14:37 +0000"
    },
    "done": true
  },
  "cyanwarriorswordsredux:recipes/upgrade_sword_ender": {
    "criteria": {
      "has_item": "2024-10-09 04:14:37 +0000"
    },
    "done": true
  },
  "cyanwarriorswordsredux:recipes/upgrade_sword_thunder": {
    "criteria": {
      "has_item": "2024-10-09 04:14:37 +0000"
    },
    "done": true
  },
  "pfm:grant_book_on_first_join": {
    "criteria": {
      "tick": "2024-10-09 04:14:37 +0000"
    },
    "done": true
  },
  "cyanwarriorswordsredux:recipes/upgrade_sword_wind": {
    "criteria": {
      "has_item": "2024-10-09 04:14:37 +0000"
    },
    "done": true
  },
  "cyanwarriorswordsredux:recipes/craft_fire_essence": {
    "criteria": {
      "has_item": "2024-10-09 04:14:37 +0000"
    },
    "done": true
  },
  "cyanwarriorswordsredux:recipes/basic_swords": {
    "criteria": {
      "has_item": "2024-10-09 04:14:37 +0000"
    },
    "done": true
  },
  "iceandfire:iceandfire/root": {
    "criteria": {
      "tick": "2024-10-09 04:14:38 +0000"
    },
    "done": true
  },
  "dungeons_arise:wda_root": {
    "criteria": {
      "WDA": "2024-10-09 04:14:38 +0000"
    },
    "done": true
  },
  "grimoireofgaia:main/root": {
    "criteria": {
      "join": "2024-10-09 04:14:38 +0000"
    },
    "done": true
  },
  "minecraft:adventure/adventuring_time": {
    "criteria": {
      "minecraft:river": "2024-10-09 04:20:54 +0000",
      "minecraft:forest": "2024-10-09 04:36:08 +0000",
      "minecraft:plains": "2024-10-09 04:14:40 +0000"
    },
    "done": false
  },
  "tombstone:adventure/root": {
    "criteria": {
      "auto": "2024-10-09 04:14:40 +0000"
    },
    "done": true
  },
  "mcwroofs:recipes/grass": {
    "criteria": {
      "has_planks": "2024-10-09 04:16:42 +0000"
    },
    "done": true
  },
  "minecraft:adventure/root": {
    "criteria": {
      "killed_something": "2024-10-09 04:19:42 +0000"
    },
    "done": true
  },
  "minecraft:adventure/kill_all_mobs": {
    "criteria": {
      "minecraft:spider": "2024-10-09 05:05:57 +0000",
      "minecraft:zombie": "2024-10-09 04:19:42 +0000"
    },
    "done": false
  },
  "minecraft:adventure/kill_a_mob": {
    "criteria": {
      "minecraft:zombie": "2024-10-09 04:19:42 +0000"
    },
    "done": true
  },
  "minecraft:husbandry/balanced_diet": {
    "criteria": {
      "apple": "2024-10-09 04:48:41 +0000",
      "bread": "2024-10-09 04:29:06 +0000",
      "rotten_flesh": "2024-10-09 04:19:52 +0000",
      "carrot": "2024-10-09 04:30:58 +0000"
    },
    "done": false
  },
  "minecraft:husbandry/root": {
    "criteria": {
      "consumed_item": "2024-10-09 04:19:52 +0000"
    },
    "done": true
  },
  "tombstone:adventure/first_grave": {
    "criteria": {
      "coded_trigger": "2024-10-09 04:21:03 +0000"
    },
    "done": true
  },
  "tombstone:recipes/from_grave_key": {
    "criteria": {
      "has_ingredient": "2024-10-09 04:21:04 +0000"
    },
    "done": true
  },
  "tombstone:adventure/cancel_ghostly_shape": {
    "criteria": {
      "coded_trigger": "2024-10-09 04:21:11 +0000"
    },
    "done": true
  },
  "tombstone:recipes/from_grave_dust": {
    "criteria": {
      "has_ingredient": "2024-10-09 04:21:14 +0000"
    },
    "done": true
  },
  "mcwroofs:recipes/oak": {
    "criteria": {
      "has_planks": "2024-10-09 04:22:03 +0000"
    },
    "done": true
  },
  "mcwroofs:recipes/oak_planks": {
    "criteria": {
      "has_planks": "2024-10-09 04:22:28 +0000"
    },
    "done": true
  },
  "pfm:recipes/root": {
    "criteria": {
      "has_planks": "2024-10-09 04:22:28 +0000"
    },
    "done": true
  },
  "minecraft:story/root": {
    "criteria": {
      "crafting_table": "2024-10-09 04:22:31 +0000"
    },
    "done": true
  },
  "minecraft:story/mine_stone": {
    "criteria": {
      "get_stone": "2024-10-09 04:22:57 +0000"
    },
    "done": true
  },
  "mcwroofs:recipes/cobblestone": {
    "criteria": {
      "has_planks": "2024-10-09 04:22:57 +0000"
    },
    "done": true
  },
  "minecraft:story/upgrade_tools": {
    "criteria": {
      "stone_pickaxe": "2024-10-09 04:25:36 +0000"
    },
    "done": true
  },
  "quark:get_all_blossom_saplings": {
    "criteria": {
      "yellow": "2024-10-09 04:26:21 +0000"
    },
    "done": false
  },
  "botania:challenge/root": {
    "criteria": {
      "flower": "2024-10-09 04:26:47 +0000"
    },
    "done": true
  },
  "botania:main/root": {
    "criteria": {
      "flower": "2024-10-09 04:26:47 +0000"
    },
    "done": true
  },
  "botania:main/flower_pickup_lexicon": {
    "criteria": {
      "flower": "2024-10-09 04:26:47 +0000"
    },
    "done": true
  },
  "mca:recipes/misc/bouquet": {
    "criteria": {
      "has_item": "2024-10-09 04:26:47 +0000"
    },
    "done": true
  },
  "botania:main/flower_pickup": {
    "criteria": {
      "flower": "2024-10-09 04:26:47 +0000"
    },
    "done": true
  },
  "mca:recipes/misc/books": {
    "criteria": {
      "has_item": "2024-10-09 04:27:39 +0000"
    },
    "done": true
  },
  "mca:recipes/misc/blueprint": {
    "criteria": {
      "has_item": "2024-10-09 04:27:39 +0000"
    },
    "done": true
  },
  "mca:recipes/misc/family_tree": {
    "criteria": {
      "has_item": "2024-10-09 04:27:41 +0000"
    },
    "done": true
  },
  "farmersdelight:main/get_fd_seed": {
    "criteria": {
      "tomato_seeds": "2024-10-09 04:28:30 +0000"
    },
    "done": true
  },
  "minecraft:husbandry/tame_an_animal": {
    "criteria": {
      "tamed_animal": "2024-10-09 04:29:55 +0000"
    },
    "done": true
  },
  "farmersdelight:main/craft_knife": {
    "criteria": {
      "flint_knife": "2024-10-09 04:32:46 +0000"
    },
    "done": true
  },
  "mcwroofs:recipes/thatch": {
    "criteria": {
      "has_planks": "2024-10-09 04:32:52 +0000"
    },
    "done": true
  },
  "minecraft:story/obtain_armor": {
    "criteria": {
      "iron_boots": "2024-10-09 04:37:59 +0000"
    },
    "done": true
  },
  "mcwroofs:recipes/awning": {
    "criteria": {
      "has_planks": "2024-10-09 04:45:08 +0000"
    },
    "done": true
  },
  "mca:recipes/misc/comb": {
    "criteria": {
      "has_item": "2024-10-09 04:48:35 +0000"
    },
    "done": true
  },
  "mcwroofs:recipes/gutters": {
    "criteria": {
      "has_planks": "2024-10-09 04:48:35 +0000"
    },
    "done": true
  },
  "minecraft:story/smelt_iron": {
    "criteria": {
      "iron": "2024-10-09 04:48:35 +0000"
    },
    "done": true
  },
  "mca:recipes/misc/needle_and_thread": {
    "criteria": {
      "has_item": "2024-10-09 04:48:35 +0000"
    },
    "done": true
  },
  "mca:recipes/misc/whistle": {
    "criteria": {
      "has_item": "2024-10-09 04:48:35 +0000"
    },
    "done": true
  },
  "grimoireofgaia:main/cecaelia": {
    "criteria": {
      "kill": "2024-10-09 05:08:07 +0000"
    },
    "done": true
  },
  "grimoireofgaia:main/harpy": {
    "criteria": {
      "kill": "2024-10-09 05:09:01 +0000"
    },
    "done": true
  },
  "DataVersion": 3465
}